trade_date,signal_date,equity,long_equity,short_equity,cash,short_cash,n_positions,n_short_positions,target_n_hold,day_k_trade,bench_sh,bench_hs300,bench_cyb
20250103,20250102,953323.3358622907,953323.3358622907,0.0,0.0,0.0,30,0,30,1,1000000.0,1000000.0,1000000.0
20250106,20250103,959728.8677159738,959728.8677159738,0.0,0.0,0.0,30,0,30,3,998596.5441749172,998358.9855468031,999118.4379943502
20250107,20250106,987861.4660158791,987861.4660158791,0.0,0.0,0.0,30,0,30,3,1005671.6168707279,1005546.9631418474,1006146.479275381
20250108,20250107,978399.1183671111,978399.1183671111,0.0,0.0,0.0,30,0,30,3,1005834.784063012,1003721.8242763865,996268.2922752062
20250109,20250108,970479.850622107,970479.850622107,0.0,5.820766091346741e-11,0.0,13,0,10,3,999988.6032075619,1001248.2898759812,997367.5165631423
20250110,20250109,942660.172583698,942660.172583698,0.0,0.0,0.0,13,0,10,3,986639.565135767,988693.4207481485,979829.8791681669
20250113,20250110,950947.3687911795,950947.3687911795,0.0,0.0,0.0,13,0,10,3,984220.4558162704,986053.112171421,983378.8954194738
20250114,20250113,988162.3075664038,988162.3075664038,0.0,1.4551915228366852e-11,0.0,13,0,10,3,1009189.0842767579,1012019.263370966,1029657.5772491525
20250115,20250114,982548.3108695288,982548.3108695288,0.0,0.0,0.0,30,0,30,3,1004884.6776945061,1005525.9044585285,1010896.2095661184
20250116,20250115,985732.3589087714,985732.3589087714,0.0,0.0,0.0,30,0,30,3,1007660.7930940669,1006680.1851935048,1017551.6753224791
20250117,20250116,986272.4231781313,986272.4231781313,0.0,1.4551915228366852e-11,0.0,30,0,30,3,1009463.4791810339,1009848.0733874186,1025450.6137525756
20250120,20250117,1003269.8258959653,1003269.8258959653,0.0,0.0,0.0,30,0,30,3,1010259.5108801844,1014439.5285736929,1044028.7939222817
20250121,20250120,999750.754546234,999750.754546234,0.0,0.0,0.0,30,0,30,3,1009713.0253411417,1015217.7992335594,1047829.6496009285
20250122,20250121,992213.5916469964,992213.5916469964,0.0,0.0,0.0,30,0,30,3,1000683.1224931922,1005788.3035993554,1042196.8691850179
20250123,20250122,1003571.0376950956,1003571.0376950956,0.0,1.4551915228366852e-11,0.0,30,0,30,3,1005833.4762343714,1007570.2920306948,1038366.5983437924
20250124,20250123,1016380.8032556216,1016380.8032556216,0.0,1.4551915228366852e-11,0.0,30,0,30,3,1012828.0863300177,1015283.8095968683,1052516.7300597315
20250127,20250124,1011878.7629466648,1011878.7629466648,0.0,1.4551915228366852e-11,0.0,30,0,30,3,1012197.3081212203,1011102.932513039,1023736.8953094521
20250205,20250127,1016569.7170116515,1016569.7170116515,0.0,7.275957614183426e-12,0.0,30,0,30,3,1005622.946962037,1005276.5908391601,1023292.04677993
20250206,20250205,1036814.8066958294,1036814.8066958294,0.0,1.4551915228366852e-11,0.0,30,0,30,3,1018443.3420140977,1017924.1446625058,1051974.0624735395
20250207,20250206,1047727.0517485773,1047727.0517485773,0.0,0.0,0.0,30,0,30,3,1028721.3804666885,1031134.5348420286,1078564.6749889913
20250210,20250207,1069483.1178416847,1069483.1178416847,0.0,0.0,0.0,13,0,10,3,1034483.0506809443,1033348.742815148,1083289.851307593
20250211,20250210,1061114.1260334337,1061114.1260334337,0.0,0.0,0.0,13,0,10,3,1033202.3439154003,1028600.1819046418,1067841.037683601
20250212,20250211,1068346.0219825835,1068346.0219825835,0.0,0.0,0.0,13,0,10,3,1042023.4924013132,1038328.6313752449,1087199.98456324
20250213,20250212,1056092.84745884,1056092.84745884,0.0,2.9103830456733704e-11,0.0,13,0,10,3,1037694.3304912245,1034428.960558225,1079460.0269022249
20250214,20250213,1055136.3265344198,1055136.3265344198,0.0,2.9103830456733704e-11,0.0,13,0,10,3,1042128.990578309,1043400.4099635596,1098876.2663835138
20250217,20250214,1066820.6892876776,1066820.6892876776,0.0,2.9103830456733704e-11,0.0,13,0,10,3,1044964.3007932386,1045622.7765209083,1104489.8500575728
20250218,20250217,1043120.3977699471,1043120.3977699471,0.0,1.4551915228366852e-11,0.0,13,0,10,3,1035205.7194211215,1036453.534425835,1082643.660206558
20250219,20250218,1069186.4586115016,1069186.4586115016,0.0,0.0,0.0,13,0,10,3,1043628.3226982473,1043705.482738131,1104671.8470752821
20250220,20250219,1082149.3208784799,1082149.3208784799,0.0,0.0,0.0,13,0,10,3,1043392.9446817444,1040721.6924675712,1103978.234565435
20250221,20250220,1092140.2718532863,1092140.2718532863,0.0,0.0,0.0,13,0,10,3,1052214.4045554288,1053846.444001597,1131720.7507999511
20250224,20250221,1100824.0181706615,1100824.0181706615,0.0,0.0,0.0,13,0,10,3,1050319.5476880872,1051534.7303513743,1124147.3633175858
20250225,20250224,1099543.2327688795,1099543.2327688795,0.0,0.0,0.0,13,0,10,3,1041915.8767874708,1039862.0213877816,1111421.2627775522
20250226,20250225,1115352.7951354445,1115352.7951354445,0.0,2.9103830456733704e-11,0.0,13,0,10,3,1052557.429324551,1048945.2804815304,1125125.2066563985
20250227,20250226,1113860.1077573572,1113860.1077573572,0.0,0.0,0.0,13,0,10,3,1055001.1382779987,1051110.6429049138,1119318.068236332
20250228,20250227,1089109.462180825,1089109.462180825,0.0,2.9103830456733704e-11,0.0,13,0,10,3,1034086.8097416669,1030431.492686094,1076600.8532579723
20250303,20250228,1097468.6915448534,1097468.6915448534,0.0,0.0,0.0,30,0,30,3,1032849.9775131322,1030014.3188451006,1089563.8128221438
20250304,20250303,1118207.8708571566,1118207.8708571566,0.0,0.0,0.0,30,0,30,3,1035118.3128736516,1029152.6346081634,1086366.0919863228
20250305,20250304,1117081.3610611265,1117081.3610611265,0.0,3.637978807091713e-12,0.0,30,0,30,3,1040647.0027572452,1033748.4074867407,1086507.0169051865
20250306,20250305,1135035.096151293,1135035.096151293,0.0,0.0,0.0,30,0,30,3,1052832.6649758103,1047964.0253055973,1108494.7765268588
20250307,20250306,1127256.2256936473,1127256.2256936473,0.0,0.0,0.0,30,0,30,3,1050169.5210597622,1044726.3918120873,1093919.9851029315
20250310,20250307,1161454.778174226,1161454.778174226,0.0,0.0,0.0,13,0,10,3,1048181.9951916123,1040696.7664034164,1091226.6871815517
20250311,20250310,1167489.3315682649,1167489.3315682649,0.0,2.546585164964199e-11,0.0,30,0,30,3,1052437.2336447388,1044038.0510011114,1093286.7902457337
20250312,20250311,1166558.8055692771,1166558.8055692771,0.0,1.1641532182693481e-10,0.0,13,0,10,3,1049975.7444495363,1040280.811052275,1086956.1313773424
20250313,20250312,1171469.1992476257,1171469.1992476257,0.0,0.0,0.0,13,0,10,3,1045866.9828041396,1036134.7139070592,1074424.1312271417
20250314,20250313,1178508.793074843,1178508.793074843,0.0,0.0,0.0,13,0,10,3,1064809.66624867,1061293.191756821,1104539.9996855108
20250317,20250314,1185405.8336968592,1185405.8336968592,0.0,0.0,0.0,30,0,30,3,1066854.5186055594,1058705.463666116,1098791.0467388085
20250318,20250317,1187963.5997495188,1187963.5997495188,0.0,7.275957614183426e-12,0.0,30,0,30,3,1067985.1053264467,1061602.1054233182,1105496.3148952185
20250319,20250318,1180563.28078612,1180563.28078612,0.0,0.0,0.0,30,0,30,3,1066948.1217696825,1062249.7857576974,1102372.503995725
20250320,20250319,1179294.9511624924,1179294.9511624924,0.0,0.0,0.0,30,0,30,3,1061504.7832742666,1052931.9938562682,1091303.5733569262
20250321,20250320,1166349.3194262497,1166349.3194262497,0.0,0.0,0.0,30,0,30,3,1047767.1332635969,1036960.1878042516,1067616.2324276026
20250324,20250321,1155299.621588052,1155299.621588052,0.0,2.9103830456733704e-11,0.0,30,0,30,3,1049385.6023449241,1042298.4978033276,1067752.941007817
20250325,20250324,1150938.4332923235,1150938.4332923235,0.0,0.0,0.0,30,0,30,3,1049369.4101808043,1041622.1034906874,1064242.8638840385
20250326,20250325,1166808.3359812784,1166808.3359812784,0.0,0.0,0.0,30,0,30,3,1048971.145221012,1038194.8358916675,1061476.4496900768
20250327,20250326,1154910.7280129024,1154910.7280129024,0.0,0.0,0.0,30,0,30,3,1050544.1516876952,1041652.9895595552,1064052.6326049666
20250328,20250327,1141723.4805240063,1141723.4805240063,0.0,0.0,0.0,30,0,30,3,1043555.9561801426,1037084.8446139358,1055676.5534516906
20250331,20250328,1104700.3525605565,1104700.3525605565,0.0,0.0,0.0,13,0,10,3,1038710.5756224042,1029704.8754004063,1043518.3689257626
20250401,20250331,1118377.3223751727,1118377.3223751727,0.0,2.9103830456733704e-11,0.0,13,0,10,3,1042661.7439166273,1029805.1359241323,1042615.1299790558
20250402,20250401,1123905.8926074926,1123905.8926074926,0.0,0.0,0.0,13,0,10,3,1043188.4563321779,1028931.45221104,1043977.8506305981
20250403,20250402,1126937.4080986716,1126937.4080986716,0.0,0.0,0.0,13,0,10,3,1040660.330153867,1022870.1539069236,1024521.9775660029
20250407,20250403,969258.85627205,969258.85627205,0.0,0.0,0.0,13,0,10,3,964235.9623045174,950803.684119962,896446.2267266167
20250408,20250407,986259.742516523,986259.742516523,0.0,1.6007106751203537e-10,0.0,30,0,30,3,979485.5245010953,967046.2598083135,912868.2209149147
20250409,20250408,1008977.6185755116,1008977.6185755116,0.0,3.637978807091713e-12,0.0,30,0,30,3,992333.6330648226,976591.6179341363,921818.6646002308
20250410,20250409,1036389.150613428,1036389.150613428,0.0,0.0,0.0,30,0,30,3,1003801.4219148923,989391.2710777554,942737.4087602916
20250411,20250410,1051822.6116685285,1051822.6116685285,0.0,0.0,0.0,30,0,30,3,1008344.2269750307,993470.9870149245,955556.3679585842
20250414,20250411,1059031.6801292358,1059031.6801292358,0.0,0.0,0.0,30,0,30,3,1015998.3563707867,995755.7879327545,958801.7086191536
20250415,20250414,1063543.4046149582,1063543.4046149582,0.0,3.637978807091713e-12,0.0,30,0,30,3,1017510.081724032,996310.0948599648,957555.0116864507
20250416,20250415,1037861.4223279166,1037861.4223279166,0.0,0.0,0.0,30,0,30,3,1020107.5539590636,999378.993997825,946002.2933906015
20250417,20250416,1044600.9982635408,1044600.9982635408,0.0,3.637978807091713e-12,0.0,30,0,30,3,1021458.1361405397,999220.5108502813,946829.142201775
20250418,20250417,1048064.3829265684,1048064.3829265684,0.0,0.0,0.0,30,0,30,3,1020333.7771750833,999300.2159799753,949405.2755126808
20250421,20250418,1067715.714622363,1067715.714622363,0.0,7.275957614183426e-12,0.0,30,0,30,3,1024912.3295513937,1002573.6095017625,964459.142215168
20250422,20250421,1061551.4804504556,1061551.4804504556,0.0,0.0,0.0,30,0,30,3,1027504.0099738748,1002327.6864628532,956578.854883098
20250423,20250422,1083411.5131534531,1083411.5131534531,0.0,1.4551915228366852e-11,0.0,30,0,30,3,1026444.6999138918,1003103.8644988426,966862.2568294889
20250424,20250423,1057712.30401786,1057712.30401786,0.0,0.0,0.0,30,0,30,3,1026735.1935659563,1002435.0195255051,960262.5459512707
20250425,20250424,1070649.7812044595,1070649.7812044595,0.0,7.275957614183426e-12,0.0,30,0,30,3,1026041.3904722006,1003133.3466554891,965881.982895455
20250428,20250425,1061444.2682230666,1061444.2682230666,0.0,0.0,0.0,30,0,30,3,1023972.1253140228,1001709.5942407601,959567.5941338526
20250429,20250428,1079861.3516498343,1079861.3516498343,0.0,7.275957614183426e-12,0.0,30,0,30,3,1023424.1139748994,999976.6632704352,958320.0043294358
20250430,20250429,1095216.3033353686,1095216.3033353686,0.0,1.4551915228366852e-11,0.0,30,0,30,3,1021050.280437384,998783.020015444,966300.2436894927
20250506,20250430,1137157.6418243079,1137157.6418243079,0.0,0.0,0.0,30,0,30,3,1032597.1929202004,1008841.3623691341,985338.1039799707
20250507,20250506,1147643.1971498083,1147643.1971498083,0.0,7.275957614183426e-12,0.0,30,0,30,3,1040865.0364748737,1014956.2212489372,990348.50320722
20250508,20250507,1173961.2623002895,1173961.2623002895,0.0,0.0,0.0,30,0,30,3,1043770.5023547299,1020590.2269485029,1006688.9484456368
20250509,20250508,1175319.2805784275,1175319.2805784275,0.0,5.820766091346741e-11,0.0,13,0,10,3,1040657.5899414774,1018804.9538923438,997916.6326672692
20250512,20250509,1172934.584365837,1172934.584365837,0.0,0.0,0.0,13,0,10,3,1049141.5366095956,1030580.0689813594,1024180.2557194508
20250513,20250512,1165485.9424475047,1165485.9424475047,0.0,2.9103830456733704e-11,0.0,13,0,10,3,1050893.4664898023,1032076.348031217,1022963.5691971363
20250514,20250513,1161696.766732903,1161696.766732903,0.0,0.0,0.0,13,0,10,3,1059947.8132778176,1044513.553421562,1033321.4763276643
20250515,20250514,1154446.5793528522,1154446.5793528522,0.0,0.0,0.0,13,0,10,3,1052746.4417018723,1034974.47316737,1013531.7684499909
20250516,20250515,1167303.386987925,1167303.386987925,0.0,0.0,0.0,13,0,10,3,1048586.4567680582,1030176.3250176521,1011646.0729939492
20250519,20250516,1182824.5295766064,1182824.5295766064,0.0,2.9103830456733704e-11,0.0,13,0,10,3,1048624.134688414,1027013.5226944266,1008328.0128926708
20250520,20250519,1195757.5926602213,1195757.5926602213,0.0,0.0,0.0,13,0,10,3,1052639.5111411274,1032582.8689650847,1016117.1281019419
20250521,20250520,1191942.7448782418,1191942.7448782418,0.0,0.0,0.0,13,0,10,3,1054848.9942128272,1037406.5524238836,1024515.7274640047
20250522,20250521,1176896.4122448524,1176896.4122448524,0.0,0.0,0.0,13,0,10,3,1052549.3643812682,1036740.1974080708,1014681.9856335949
20250523,20250522,1166791.220709594,1166791.220709594,0.0,0.0,0.0,13,0,10,3,1042642.001931912,1028372.0859020513,1002744.092401111
20250526,20250523,1187260.6105843536,1187260.6105843536,0.0,0.0,0.0,13,0,10,3,1042164.675616927,1022500.183303256,994688.2069652823
20250527,20250526,1212710.3527433171,1212710.3527433171,0.0,0.0,0.0,13,0,10,3,1040249.0803240014,1017014.383054218,987934.326904442
20250528,20250527,1232147.6279663767,1232147.6279663767,0.0,0.0,0.0,13,0,10,3,1040013.9514177158,1016177.254036698,984829.0678950067
20250529,20250528,1264225.796352279,1264225.796352279,0.0,0.0,0.0,13,0,10,3,1047335.7989224674,1022127.5108307855,998304.089387173
20250530,20250529,1240580.703160832,1240580.703160832,0.0,0.0,0.0,13,0,10,3,1042366.6105867669,1017235.6714069808,988700.5100430459
20250603,20250530,1242299.1507067075,1242299.1507067075,0.0,0.0,0.0,13,0,10,3,1046878.0588983119,1020356.1709411996,993419.2378437128
20250604,20250603,1256653.6976200938,1256653.6976200938,0.0,0.0,0.0,13,0,10,3,1051308.2972790408,1024787.8185344386,1004447.6916314755
20250605,20250604,1253262.5003375711,1253262.5003375711,0.0,2.9103830456733704e-11,0.0,13,0,10,3,1053766.890567968,1027122.23318039,1016194.6591291096
20250606,20250605,1264241.9293669176,1264241.9293669176,0.0,0.0,0.0,13,0,10,3,1054159.0523274383,1026176.1552767179,1011641.162199522
20250609,20250606,1276991.2086103384,1276991.2086103384,0.0,2.9103830456733704e-11,0.0,13,0,10,3,1058647.3022500041,1029159.283324532,1022482.4105512436
20250610,20250609,1269130.5055732524,1269130.5055732524,0.0,2.9103830456733704e-11,0.0,13,0,10,3,1053990.4047103752,1023919.5915367721,1010567.4343594197
20250611,20250610,1283162.4821471958,1283162.4821471958,0.0,0.0,0.0,13,0,10,3,1059439.5661571189,1031643.7576446993,1022768.377519653
20250612,20250611,1287191.3458657207,1287191.3458657207,0.0,2.9103830456733704e-11,0.0,13,0,10,3,1059546.0919137609,1031001.1366920988,1025390.4937238309
20250613,20250612,1262823.4751739393,1262823.4751739393,0.0,2.9103830456733704e-11,0.0,13,0,10,3,1051555.2589206446,1023579.7388235872,1013818.2314582416
20250616,20250613,1272747.6059189,1272747.6059189,0.0,2.9103830456733704e-11,0.0,13,0,10,3,1055208.8650603895,1026126.0912371295,1020514.025253686
20250617,20250616,1271356.2382663162,1271356.2382663162,0.0,0.0,0.0,13,0,10,3,1054796.463095769,1025221.097632612,1016853.5488500778
20250618,20250617,1254656.5522296857,1254656.5522296857,0.0,0.0,0.0,13,0,10,3,1055233.558110672,1026437.5213500614,1019227.2483018199
20250619,20250618,1224556.794188467,1224556.794188467,0.0,0.0,0.0,13,0,10,3,1046919.3800555945,1017992.9628502575,1005381.982672237
20250620,20250619,1217172.46800105,1217172.46800105,0.0,0.0,0.0,13,0,10,3,1046230.3411947432,1018934.14030561,996987.2028169506
20250623,20250620,1244575.879961594,1244575.879961594,0.0,0.0,0.0,13,0,10,3,1052983.158685793,1021916.0763524815,1000826.650395237
20250624,20250623,1278328.9319080561,1278328.9319080561,0.0,0.0,0.0,13,0,10,3,1065122.4241263992,1034136.099171088,1023892.9990474546
20250625,20250624,1288182.2390764174,1288182.2390764174,0.0,0.0,0.0,13,0,10,3,1076147.9177857814,1048978.3651299144,1055767.3287426168
20250626,20250625,1283281.1883148875,1283281.1883148875,0.0,2.9103830456733704e-11,0.0,13,0,10,3,1073806.219466288,1045257.5474321016,1048839.2394895728
20250627,20250626,1292720.2407854032,1292720.2407854032,0.0,0.0,0.0,30,0,30,3,1066262.3213416552,1038830.8875946291,1053759.5578816736
20250630,20250627,1306359.2403734096,1306359.2403734096,0.0,0.0,0.0,30,0,30,3,1072552.011800102,1042624.443838849,1067980.57369091
20250701,20250630,1309483.2048939043,1309483.2048939043,0.0,0.0,0.0,30,0,30,3,1076700.257414929,1044394.6711942218,1065453.2010963869
20250702,20250701,1321377.2031048138,1321377.2031048138,0.0,3.637978807091713e-12,0.0,30,0,30,3,1075780.1065500448,1044639.1373430904,1053449.1857530808
20250703,20250702,1330712.304859142,1330712.304859142,0.0,0.0,0.0,30,0,30,3,1077759.972279015,1051097.8487614633,1073474.0661194322
20250704,20250703,1319300.2983739597,1319300.2983739597,0.0,0.0,0.0,30,0,30,3,1081237.7377441742,1054842.2680779393,1069577.9707912891
20250707,20250704,1365971.2375360848,1365971.2375360848,0.0,0.0,0.0,30,0,30,3,1081489.3079247968,1050331.5245999328,1056657.0258016612
20250708,20250707,1387765.870678572,1387765.870678572,0.0,0.0,0.0,30,0,30,3,1089071.0396636713,1059146.5305037808,1081901.0885643917
20250709,20250708,1378489.2748061542,1378489.2748061542,0.0,2.9103830456733704e-11,0.0,30,0,30,3,1087692.899664414,1057278.506093297,1083685.5918928438
20250710,20250709,1384014.3768626465,1384014.3768626465,0.0,0.0,0.0,30,0,30,3,1092871.9944969062,1062211.721194264,1086117.5760259184
20250711,20250710,1387355.1740095448,1387355.1740095448,0.0,7.275957614183426e-12,0.0,30,0,30,3,1093026.2559989244,1063478.6062849495,1094807.9460225317
20250714,20250711,1401028.3225383987,1401028.3225383987,0.0,0.0,0.0,13,0,10,3,1095975.9078035613,1064236.4010175131,1089833.3112678276
20250715,20250714,1365301.870146142,1365301.870146142,0.0,0.0,0.0,13,0,10,3,1091413.7655628105,1064606.3451322708,1108673.4500776327
20250716,20250715,1371726.6636727192,1371726.6636727192,0.0,2.9103830456733704e-11,0.0,13,0,10,3,1091033.2808447725,1061464.0982030772,1106265.1766489642
20250717,20250716,1372678.4854925964,1372678.4854925964,0.0,1.4551915228366852e-11,0.0,13,0,10,3,1095096.4553204165,1068692.6832968988,1125676.406127858
20250718,20250717,1376064.7754206285,1376064.7754206285,0.0,0.0,0.0,13,0,10,3,1100594.691479954,1075065.2792693977,1129558.1163006083
20250721,20250718,1394127.6965748193,1394127.6965748193,0.0,5.820766091346741e-11,0.0,13,0,10,3,1108475.448895833,1082232.8074260491,1139345.627217825
20250722,20250721,1404899.77826465,1404899.77826465,0.0,0.0,0.0,13,0,10,3,1115347.7458748205,1091067.1237451674,1146276.6431059316
20250723,20250722,1389660.9984539116,1389660.9984539116,0.0,0.0,0.0,13,0,10,3,1115483.7911922038,1091281.7633815615,1146184.8757353232
20250724,20250723,1402242.030018638,1402242.030018638,0.0,0.0,0.0,13,0,10,3,1122779.2641527066,1099034.61697884,1163395.6228749962
20250725,20250724,1401322.7578494402,1401322.7578494402,0.0,5.820766091346741e-11,0.0,13,0,10,3,1119020.3155298517,1093240.5917749605,1160760.8576548693
20250728,20250725,1407583.8985528953,1407583.8985528953,0.0,2.9103830456733704e-11,0.0,13,0,10,3,1120353.5534124533,1095534.7432779623,1171943.4806252543
20250729,20250728,1399998.883063685,1399998.883063685,0.0,0.0,0.0,13,0,10,3,1124019.9575896082,1099826.0791158043,1193766.7534356092
20250730,20250729,1397834.7559445219,1397834.7559445219,0.0,0.0,0.0,13,0,10,3,1125889.965712781,1099617.6643732216,1174465.3471775409
20250731,20250730,1373765.7223775876,1373765.7223775876,0.0,0.0,0.0,13,0,10,3,1112653.3386265102,1079579.6782169614,1154936.0106124748
20250801,20250731,1383804.4530833757,1383804.4530833757,0.0,0.0,0.0,30,0,30,3,1108525.4577719413,1074106.3807333657,1152115.4288678619
20250804,20250801,1394213.963601285,1394213.963601285,0.0,0.0,0.0,30,0,30,3,1115798.5419516708,1078284.6619040314,1157917.2100576442
20250805,20250804,1407160.455331672,1407160.455331672,0.0,0.0,0.0,30,0,30,3,1126475.6549722601,1086959.170630114,1162407.709927409
20250806,20250805,1415526.6844209887,1415526.6844209887,0.0,0.0,0.0,30,0,30,3,1131581.5736784416,1089617.3857098902,1170135.5146123166
20250807,20250806,1415404.8410467105,1415404.8410467105,0.0,1.4551915228366852e-11,0.0,30,0,30,3,1133347.6717022532,1089930.1667572234,1162152.3486171972
20250808,20250807,1419481.1234543175,1419481.1234543175,0.0,7.275957614183426e-12,0.0,30,0,30,3,1131934.4383011442,1087360.9809034034,1157736.6515554741
20250811,20250808,1443479.6697307911,1443479.6697307911,0.0,0.0,0.0,30,0,30,3,1135801.4384807216,1092008.115778151,1180483.798569927
20250812,20250811,1443129.1175821824,1443129.1175821824,0.0,0.0,0.0,30,0,30,3,1141521.9432315803,1097654.120953872,1195157.549942159
20250813,20250812,1442250.5492131587,1442250.5492131587,0.0,0.0,0.0,30,0,30,3,1146985.895597472,1106329.8746587166,1238365.4971353451
20250814,20250813,1415662.35545336,1415662.35545336,0.0,7.275957614183426e-12,0.0,30,0,30,3,1141685.3906728588,1105465.1441971487,1225047.4722528954
20250815,20250814,1426173.2626235217,1426173.2626235217,0.0,1.4551915228366852e-11,0.0,30,0,30,3,1151129.1278691776,1113157.5765910936,1257073.4413274897
20250818,20250815,1443785.9951695998,1443785.9951695998,0.0,0.0,0.0,30,0,30,3,1160862.1131664745,1122974.1546647183,1292779.9268152737
20250819,20250818,1481107.6701511194,1481107.6701511194,0.0,1.4551915228366852e-11,0.0,30,0,30,3,1160631.873048202,1118725.7573497188,1290568.2339756438
20250820,20250819,1492043.9814490073,1492043.9814490073,0.0,0.0,0.0,30,0,30,3,1172751.8635857503,1131446.182164021,1293499.978248653
20250821,20250820,1487849.795012299,1487849.795012299,0.0,0.0,0.0,30,0,30,3,1174274.0827068964,1135863.1813901209,1287454.2446650045
20250822,20250821,1489060.845098958,1489060.845098958,0.0,0.0,0.0,30,0,30,3,1191294.631715299,1159683.8633375687,1330653.114329098
20250825,20250822,1493705.5840127622,1493705.5840127622,0.0,0.0,0.0,30,0,30,3,1209293.6233794175,1183848.1064455782,1370553.418257669
20250826,20250825,1506770.9336596422,1506770.9336596422,0.0,0.0,0.0,30,0,30,3,1204566.8504238562,1179442.6828730763,1360204.1422203765
20250827,20250826,1463996.237753775,1463996.237753775,0.0,0.0,0.0,30,0,30,3,1183382.4864120497,1161837.1203291574,1350814.951295584
20250828,20250827,1463098.7035746798,1463098.7035746798,0.0,0.0,0.0,30,0,30,3,1196849.2290614846,1182407.189217276,1402389.9497169373
20250829,20250828,1457555.1956370622,1457555.1956370622,0.0,0.0,0.0,30,0,30,3,1201311.4158275726,1191142.4635025205,1433617.2450433343
20250901,20250829,1471754.424001722,1471754.424001722,0.0,0.0,0.0,30,0,30,3,1206792.774769893,1198281.754481288,1466479.68610202
20250902,20250901,1461918.2904394793,1461918.2904394793,0.0,0.0,0.0,30,0,30,3,1201375.5617085088,1189471.9933815869,1424736.742975617
20250903,20250902,1439337.4119267573,1439337.4119267573,0.0,0.0,0.0,30,0,30,3,1187494.8912943732,1181360.241544952,1438204.4230781347
20250904,20250903,1447640.377440343,1447640.377440343,0.0,1.4551915228366852e-11,0.0,30,0,30,3,1172647.704376172,1156296.1436809327,1377129.7656593702
20250905,20250904,1466000.451175816,1466000.451175816,0.0,0.0,0.0,30,0,30,3,1187170.3318201029,1181491.4411153651,1467375.6332630627
20250908,20250905,1490843.0571832187,1490843.0571832187,0.0,0.0,0.0,30,0,30,3,1191631.3975902137,1183411.4632558557,1455007.0782405129
20250909,20250908,1481127.682835174,1481127.682835174,0.0,0.0,0.0,30,0,30,3,1185544.26487715,1175116.487629891,1422626.5894914654
20250910,20250909,1482197.9028839988,1482197.9028839988,0.0,0.0,0.0,30,0,30,3,1187079.0640642662,1177528.700204028,1440632.984536305
20250911,20250910,1497116.8641001391,1497116.8641001391,0.0,0.0,0.0,30,0,30,3,1206723.958072384,1204724.7579761287,1514781.0695918598
20250912,20250911,1488436.8928918696,1488436.8928918696,0.0,0.0,0.0,30,0,30,3,1205257.0102806853,1197827.972966902,1498250.0954504663
20250915,20250912,1483588.3777510605,1483588.3777510605,0.0,0.0,0.0,30,0,30,3,1202113.6130045995,1200757.0371497425,1520947.6384808065
20250916,20250915,1508074.590953933,1508074.590953933,0.0,0.0,0.0,30,0,30,3,1202537.5674555437,1198182.5800028648,1531294.6327348298
20250917,20250916,1512438.917542,1512438.917542,0.0,0.0,0.0,30,0,30,3,1207045.1545587217,1205516.3790465519,1561208.712185829
20250918,20250917,1490467.3173717004,1490467.3173717004,0.0,1.4551915228366852e-11,0.0,30,0,30,3,1193130.8854040378,1191500.037296385,1535665.537398899
20250919,20250918,1479255.2924906542,1479255.2924906542,0.0,1.4551915228366852e-11,0.0,30,0,30,3,1189529.1253282533,1192509.3972056531,1533260.8850610706
20250922,20250919,1471646.89759155,1471646.89759155,0.0,1.4551915228366852e-11,0.0,30,0,30,3,1192171.8733452659,1197989.5553168964,1541635.9225306802
20250923,20250922,1449308.0069539582,1449308.0069539582,0.0,0.0,0.0,30,0,30,3,1190071.9676303694,1197239.945657472,1544942.3752996763
20250924,20250923,1477559.065547365,1477559.065547365,0.0,1.4551915228366852e-11,0.0,30,0,30,3,1199977.0569489931,1209502.3772207242,1580170.083132805
20250925,20250924,1462203.804692361,1462203.804692361,0.0,0.0,0.0,30,0,30,3,1199871.1539678944,1216764.7621634956,1605068.2573143183
20250926,20250925,1454772.5812139604,1454772.5812139604,0.0,0.0,0.0,30,0,30,3,1192025.3965375363,1205258.297598028,1563284.3909010221
20250929,20250926,1472742.0809321417,1472742.0809321417,0.0,0.0,0.0,30,0,30,3,1202745.1385440486,1223801.6205279306,1606182.9084413133
20250930,20250929,1474528.6122330464,1474528.6122330464,0.0,0.0,0.0,30,0,30,3,1209049.4019502029,1229269.1169402725,1606256.5207537364
20251009,20250930,1484870.7295725148,1484870.7295725148,0.0,1.4551915228366852e-11,0.0,30,0,30,3,1224990.8989139076,1247490.4406822186,1617993.6666625165
20251010,20251009,1488358.7120017936,1488358.7120017936,0.0,1.4551915228366852e-11,0.0,30,0,30,3,1213486.8956660086,1222949.0219870666,1544302.037468766
20251013,20251010,1487027.935616076,1487027.935616076,0.0,1.4551915228366852e-11,0.0,30,0,30,3,1211143.4224362173,1216894.822710786,1527188.7621578744
20251014,20251013,1475174.130562726,1475174.130562726,0.0,0.0,0.0,30,0,30,3,1203585.0136414312,1202348.6762750067,1466285.387296251
20251015,20251014,1495497.0037056024,1495497.0037056024,0.0,0.0,0.0,30,0,30,3,1218214.197980781,1220155.4485780331,1500950.7347614947
20251016,20251015,1478506.818512418,1478506.818512418,0.0,0.0,0.0,30,0,30,3,1219465.509740692,1223369.5864085192,1506692.3959225328
20251017,20251016,1452795.2015038712,1452795.2015038712,0.0,1.4551915228366852e-11,0.0,30,0,30,3,1195652.846104472,1195771.5064518505,1456060.3692391608
20251020,20251017,1472931.8573873746,1472931.8573873746,0.0,0.0,0.0,30,0,30,3,1203168.90616233,1202125.0304092683,1484872.8930149705
20251021,20251020,1499021.4205218721,1499021.4205218721,0.0,1.4551915228366852e-11,0.0,30,0,30,3,1219497.9563464858,1220574.9269541823,1529645.84590691
20251022,20251021,1510143.3149799712,1510143.3149799712,0.0,0.0,0.0,30,0,30,3,1218696.2573898933,1216521.726415758,1517544.2099228702
20251023,20251022,1524588.4811725155,1524588.4811725155,0.0,1.4551915228366852e-11,0.0,30,0,30,3,1221390.5400830952,1220170.4942788193,1518954.6496071292
20251024,20251023,1529604.5992523034,1529604.5992523034,0.0,1.4551915228366852e-11,0.0,30,0,30,3,1230078.6948517854,1234564.2500163172,1573224.4340693853
20251027,20251024,1530860.9322500918,1530860.9322500918,0.0,0.0,0.0,30,0,30,3,1244599.6408017501,1249221.9147625025,1604418.3459144745
20251028,20251027,1534777.3011994374,1534777.3011994374,0.0,1.4551915228366852e-11,0.0,30,0,30,3,1241884.152601307,1242852.4974591837,1601998.0683216508
20251029,20251028,1527725.393554633,1527725.393554633,0.0,0.0,0.0,30,0,30,3,1250636.3598346019,1257650.4739607659,1648971.0075129697
20251030,20251029,1509869.9514269533,1509869.9514269533,0.0,0.0,0.0,30,0,30,3,1241472.1554407896,1247604.0781054115,1618589.0136798362
20251031,20251030,1527992.2421537596,1527992.2421537596,0.0,0.0,0.0,30,0,30,3,1231473.2449866023,1229262.256312625,1581143.214093127
20251103,20251031,1538918.7634434223,1538918.7634434223,0.0,1.4551915228366852e-11,0.0,30,0,30,3,1238239.9192334854,1232635.6719579499,1585775.333337533
20251104,20251103,1542269.1296606245,1542269.1296606245,0.0,0.0,0.0,30,0,30,3,1233153.493401802,1223443.013666582,1554633.2576558418
20251105,20251104,1555866.1148044341,1555866.1148044341,0.0,0.0,0.0,30,0,30,3,1235975.3828037784,1225709.9345702736,1570576.8214173734
20251106,20251105,1570739.7982350977,1570739.7982350977,0.0,0.0,0.0,30,0,30,3,1247967.4241060033,1243231.341847646,1599541.8774443292
20251107,20251106,1580541.7211012985,1580541.7211012985,0.0,0.0,0.0,30,0,30,3,1244789.9610077117,1239361.6299876499,1591397.8457287324
20251110,20251107,1600240.4854302944,1600240.4854302944,0.0,1.4551915228366852e-11,0.0,30,0,30,3,1251342.0268024532,1243667.74663718,1576824.9392562013
20251111,20251110,1614745.0752365976,1614745.0752365976,0.0,0.0,0.0,30,0,30,3,1246409.7690564566,1232307.9246765599,1554745.5610758727
20251112,20251111,1622682.8668830206,1622682.8668830206,0.0,0.0,0.0,30,0,30,3,1245594.5558705796,1230650.354654716,1548649.7770722548
20251113,20251112,1630192.547113173,1630192.547113173,0.0,0.0,0.0,30,0,30,3,1254737.3990632647,1245528.089263812,1588197.3470698008
20251114,20251113,1637971.86783087,1637971.86783087,0.0,0.0,0.0,30,0,30,3,1242590.4423447014,1225943.7786662981,1543431.4379436055
20251117,20251114,1644044.5285860999,1644044.5285860999,0.0,1.4551915228366852e-11,0.0,30,0,30,3,1236843.064829159,1217973.9808974697,1540304.601201081
20251118,20251117,1630937.6564603373,1630937.6564603373,0.0,0.0,0.0,30,0,30,3,1226809.6214711084,1210064.4718874258,1522455.2027659577
20251119,20251118,1607918.3474414833,1607918.3474414833,0.0,0.0,0.0,30,0,30,3,1228967.320756402,1215388.5838308302,1526237.8041784512
20251120,20251119,1597719.6829523728,1597719.6829523728,0.0,0.0,0.0,30,0,30,3,1224081.2729557012,1209205.0392078247,1509122.147876322
20251121,20251120,1521305.8762646995,1521305.8762646995,0.0,1.4551915228366852e-11,0.0,30,0,30,3,1194138.1002898428,1179712.1015750093,1448474.927988656
20251124,20251121,1527164.8812198222,1527164.8812198222,0.0,1.4551915228366852e-11,0.0,30,0,30,3,1194721.8589451385,1178239.3711659953,1452921.9747683383
20251125,20251124,1541301.809630047,1541301.809630047,0.0,0.0,0.0,30,0,30,3,1205077.77547939,1189459.252215956,1478661.7797482905
20251126,20251125,1544825.4733740087,1544825.4733740087,0.0,1.4551915228366852e-11,0.0,30,0,30,3,1203259.7691140634,1196669.7453843604,1510289.7760583493
20251127,20251126,1553554.0617630077,1553554.0617630077,0.0,0.0,0.0,30,0,30,3,1206708.388683807,1196080.9498965447,1503643.3878310812
20251128,20251127,1572620.8189961023,1572620.8189961023,0.0,1.4551915228366852e-11,0.0,30,0,30,3,1210861.3051152073,1199063.3097659738,1514204.8201084235
20251201,20251128,1578957.989756287,1578957.989756287,0.0,0.0,0.0,30,0,30,3,1218773.6372511198,1212261.1442022347,1534002.4646235546
20251202,20251201,1582697.3819544828,1582697.3819544828,0.0,0.0,0.0,30,0,30,3,1213699.7292078522,1206393.6122735622,1523412.1132234747
20251203,20251202,1579148.3970205213,1579148.3970205213,0.0,0.0,0.0,30,0,30,3,1207561.6534553657,1200225.3782404412,1506367.0433907378
20251204,20251203,1562134.4171583885,1562134.4171583885,0.0,0.0,0.0,30,0,30,3,1206874.6386150294,1204335.8742908388,1521594.3752256671
20251205,20251204,1583199.7215961243,1583199.7215961243,0.0,0.0,0.0,30,0,30,3,1215286.5612915917,1214393.8193108814,1542335.3883106522
20251208,20251205,1582513.0203703272,1582513.0203703272,0.0,0.0,0.0,30,0,30,3,1221909.841469683,1224252.3823065949,1582500.4287024324
20251209,20251208,1574594.7683933997,1574594.7683933997,0.0,0.0,0.0,30,0,30,3,1217377.2187896736,1218019.1974665583,1592091.0118027222
20251210,20251209,1564292.6681705457,1564292.6681705457,0.0,1.4551915228366852e-11,0.0,30,0,30,3,1214566.7573189128,1216324.9932824124,1591793.9335418716
20251211,20251210,1533254.7300677625,1533254.7300677625,0.0,0.0,0.0,30,0,30,3,1206103.7359090417,1205824.1272010163,1569308.6459595496
20251212,20251211,1527601.2106697392,1527601.2106697392,0.0,0.0,0.0,30,0,30,3,1211094.6902499725,1213443.7150929144,1584529.1324446714
20251215,20251212,1529177.8621867876,1529177.8621867876,0.0,0.0,0.0,30,0,30,3,1204423.2695224017,1205790.9630859026,1556474.4583381345
20251216,20251215,1513058.0699607483,1513058.0699607483,0.0,0.0,0.0,30,0,30,3,1190999.6540793246,1191353.1562913493,1523716.2848540533
20251217,20251216,1516787.6435133063,1516787.6435133063,0.0,0.0,0.0,30,0,30,3,1205157.0859447997,1213158.9593121868,1575376.949355969
20251218,20251217,1520119.0504952285,1520119.0504952285,0.0,0.0,0.0,30,0,30,3,1207054.371636759,1205985.1267949943,1541227.8305533854
20251219,20251218,1543312.289257437,1543312.289257437,0.0,1.4551915228366852e-11,0.0,30,0,30,3,1211437.777296649,1210060.5780176802,1548754.4414787325
20251222,20251219,1542136.8054860202,1542136.8054860202,0.0,1.4551915228366852e-11,0.0,30,0,30,3,1219819.1839716008,1221568.7908511967,1583351.6826737896
20251223,20251222,1535542.7774699468,1535542.7774699468,0.0,0.0,0.0,30,0,30,3,1220633.400716609,1223982.089470637,1589813.0480403176
20251224,20251223,1549650.7012999884,1549650.7012999884,0.0,1.4551915228366852e-11,0.0,30,0,30,3,1227162.7040652516,1227511.6042616207,1601998.9611933648
20251225,20251224,1562301.9612423559,1562301.9612423559,0.0,0.0,0.0,30,0,30,3,1232977.5904496622,1229757.0956372553,1606843.1870738363
20251226,20251225,1557378.7731780678,1557378.7731780678,0.0,0.0,0.0,30,0,30,3,1234241.1397489945,1233652.104406144,1609091.58686171
20251229,20251226,1548848.411996582,1548848.411996582,0.0,1.4551915228366852e-11,0.0,30,0,30,3,1234739.5781548899,1228919.0924857107,1598543.349244142
20251230,20251229,1544700.982800847,1544700.982800847,0.0,1.4551915228366852e-11,0.0,30,0,30,3,1234688.6039766895,1232073.8421803466,1608609.8825719922
20251231,20251230,1545324.4246504477,1545324.4246504477,0.0,0.0,0.0,30,0,30,3,1235848.274315438,1226420.4995766012,1588900.781168502
20260105,20251231,1565349.845397856,1565349.845397856,0.0,1.4551915228366852e-11,0.0,30,0,30,3,1252842.7601673636,1249679.4047242654,1634228.7034346939
20260106,20260105,1577986.3999118935,1577986.3999118935,0.0,0.0,0.0,30,0,30,3,1271604.0290961978,1269002.5611597141,1646500.7787081446
20260107,20260106,1573430.9420037528,1573430.9420037528,0.0,0.0,0.0,30,0,30,3,1272259.531494055,1265286.6968880405,1651660.188303668
20260108,20260107,1580946.3930253524,1580946.3930253524,0.0,0.0,0.0,30,0,30,3,1271389.6697542735,1254952.7904053351,1638075.6908185654
20260109,20260108,1594007.6311599242,1594007.6311599242,0.0,0.0,0.0,30,0,30,3,1283050.2699124773,1260586.5841936225,1650727.6830063346
20260112,20260109,1604047.7650788394,1604047.7650788394,0.0,0.0,0.0,30,0,30,3,1297019.4367312829,1268796.3979744671,1680751.9825100321
20260113,20260112,1598532.0690060782,1598532.0690060782,0.0,1.4551915228366852e-11,0.0,30,0,30,3,1288758.7862341318,1261145.5796578734,1647789.093383518
20260114,20260113,1599598.3673097237,1599598.3673097237,0.0,0.0,0.0,30,0,30,3,1284814.966691317,1256085.7210789844,1661305.6830143707
20260115,20260114,1606230.6086738703,1606230.6086738703,0.0,1.4551915228366852e-11,0.0,30,0,30,3,1280613.7228777749,1258601.823157495,1670620.815190883
20260116,20260115,1612651.1559866145,1612651.1559866145,0.0,1.4551915228366852e-11,0.0,30,0,30,3,1277285.4546817292,1253421.5195055855,1667198.189891095
20260119,20260116,1626573.24789668,1626573.24789668,0.0,0.0,0.0,30,0,30,3,1281049.3232313741,1254105.6750688076,1655586.5916661038
20260120,20260119,1631798.5061616607,1631798.5061616607,0.0,1.4551915228366852e-11,0.0,30,0,30,3,1280939.9949847886,1249979.3916281483,1626008.1823755952
20260121,20260120,1641521.6185583528,1641521.6185583528,0.0,0.0,0.0,30,0,30,3,1281964.7721409083,1251089.541839339,1634710.5069323797
20260122,20260121,1651795.5302562704,1651795.5302562704,0.0,1.4551915228366852e-11,0.0,30,0,30,3,1283719.7536212762,1251259.0443733742,1651141.5786497707
20260123,20260122,1669010.720207656,1669010.720207656,0.0,0.0,0.0,30,0,30,3,1287950.9529384403,1245640.0843745947,1661487.1343882547
20260126,20260123,1668567.320567786,1668567.320567786,0.0,0.0,0.0,30,0,30,3,1286842.7238595493,1246823.4499325699,1646430.093030784
20260127,20260126,1646299.4356551021,1646299.4356551021,0.0,1.4551915228366852e-11,0.0,30,0,30,3,1289115.5120652018,1246486.458021647,1658062.3265131658
20260128,20260127,1632257.6167718468,1632257.6167718468,0.0,1.4551915228366852e-11,0.0,30,0,30,3,1292644.6876514414,1249744.4879757303,1648619.1168496748
20260129,20260128,1628866.1234545982,1628866.1234545982,0.0,0.0,0.0,30,0,30,3,1294745.5275296527,1259248.2585131119,1639168.7642124714
20260130,20260129,1635258.0185549574,1635258.0185549574,0.0,0.0,0.0,30,0,30,3,1282278.5264595065,1246658.1856241086,1659925.5017604204
20260202,20260130,1606859.2884362226,1606859.2884362226,0.0,1.4551915228366852e-11,0.0,30,0,30,3,1250454.3225433629,1220073.8627357408,1619129.0522548708
20260203,20260202,1628192.6079356354,1628192.6079356354,0.0,0.0,0.0,30,0,30,3,1266643.8398670948,1234411.6474067569,1649279.0482543092
20260204,20260203,1645174.171284638,1645174.171284638,0.0,1.4551915228366852e-11,0.0,30,0,30,3,1277375.539164034,1244629.9562869417,1642643.2752796412
20260205,20260204,1635122.3864573005,1635122.3864573005,0.0,0.0,0.0,30,0,30,3,1269190.6181729205,1237143.0248554978,1617227.9299597696
20260206,20260205,1645841.24858191,1645841.24858191,0.0,1.4551915228366852e-11,0.0,30,0,30,3,1265972.9549133237,1230037.9310593277,1605415.2371831862
20260209,20260206,1666685.3367893742,1666685.3367893742,0.0,0.0,0.0,30,0,30,3,1283879.7135195136,1250026.4624209255,1653186.45329083
20260210,20260209,1667656.8802970042,1667656.8802970042,0.0,1.4551915228366852e-11,0.0,30,0,30,3,1285524.8996716384,1251414.4018295573,1647118.6459342516
20260211,20260210,1663822.049439485,1663822.049439485,0.0,1.4551915228366852e-11,0.0,30,0,30,3,1286649.6011636434,1248639.1322572196,1629359.5267502132
20260212,20260211,1653728.2254193407,1653728.2254193407,0.0,0.0,0.0,30,0,30,3,1287282.5902256186,1250164.7610191747,1650851.5441546638
20260213,20260212,1648831.5462563918,1648831.5462563918,0.0,0.0,0.0,30,0,30,3,1271107.4901557092,1234490.6373358853,1625005.8842726154
20260224,20260213,1681065.5707461569,1681065.5707461569,0.0,0.0,0.0,30,0,30,3,1282110.7818669807,1246977.0856096137,1641031.1457959802
20260225,20260224,1689490.7207111397,1689490.7207111397,0.0,0.0,0.0,30,0,30,3,1291396.8634345713,1254484.5194572697,1664123.883767746
20260226,20260225,1698301.940732527,1698301.940732527,0.0,0.0,0.0,30,0,30,3,1291210.2176043137,1252097.3653918365,1659244.4886625381
20260227,20260226,1706401.245730795,1706401.245730795,0.0,0.0,0.0,30,0,30,3,1296270.3934468569,1247799.0099928882,1642043.1166758623
20260302,20260227,1663689.0520936232,1663689.0520936232,0.0,1.4551915228366852e-11,0.0,30,0,30,3,1302407.6595911374,1252572.8148344676,1634035.1486886863
20260303,20260302,1617060.478786523,1617060.478786523,0.0,0.0,0.0,30,0,30,3,1283750.8923984298,1233296.1464357795,1592030.8917739778
20260304,20260303,1602751.28451947,1602751.28451947,0.0,0.0,0.0,30,0,30,3,1271232.4812072031,1219185.106832952,1569654.2865208464
20260305,20260304,1626669.3777046702,1626669.3777046702,0.0,0.0,0.0,30,0,30,3,1279357.5223298506,1231122.9697839946,1595730.0592851937
20260306,20260305,1651609.0659490153,1651609.0659490153,0.0,0.0,0.0,30,0,30,3,1284223.579035619,1234499.4846317703,1601862.203009166
20260309,20260306,1635126.5065243926,1635126.5065243926,0.0,0.0,0.0,30,0,30,3,1275631.8610597725,1222583.73992044,1591584.4063129798
20260310,20260309,1665440.9637723158,1665440.9637723158,0.0,0.0,0.0,30,0,30,3,1283894.7535488785,1238291.954830687,1639977.8547973328
20260311,20260310,1667725.4449905232,1667725.4449905232,0.0,1.4551915228366852e-11,0.0,30,0,30,3,1287100.5217956027,1246169.6771489286,1661499.6841962351
20260312,20260311,1649486.2543883547,1649486.2543883547,0.0,1.4551915228366852e-11,0.0,30,0,30,3,1285752.057050973,1241683.5683570688,1645623.333833176
20260313,20260312,1651494.9703555377,1651494.9703555377,0.0,1.4551915228366852e-11,0.0,30,0,30,3,1275272.5818489762,1236804.284676526,1642029.723600152
20260316,20260313,1652208.8099657067,1652208.8099657067,0.0,0.0,0.0,30,0,30,3,1271952.3474574364,1237445.077894348,1665216.6099337633
20260317,20260316,1613975.699140504,1613975.699140504,0.0,0.0,0.0,30,0,30,3,1261091.6090679732,1228407.0883475074,1627039.8956411541
20260318,20260317,1634558.8726847174,1634558.8726847174,0.0,0.0,0.0,30,0,30,3,1265163.6580951058,1233941.4692571834,1659930.4125548478
20260319,20260318,1597486.1667242665,1597486.1667242665,0.0,1.4551915228366852e-11,0.0,30,0,30,3,1247591.3922330984,1214053.2513971312,1641447.075202765
20260320,20260319,1551312.18446328,1551312.18446328,0.0,1.4551915228366852e-11,0.0,30,0,30,3,1232177.8220972533,1209753.253685773,1662776.4411433104
20260323,20260320,1458718.3575753837,1458718.3575753837,0.0,1.4551915228366852e-11,0.0,30,0,30,3,1187409.6644613044,1170279.2683381662,1604798.3620367611
20260324,20260323,1515541.6506803697,1515541.6506803697,0.0,1.4551915228366852e-11,0.0,30,0,30,3,1208583.0364847758,1185305.18190888,1612896.014027213
20260325,20260324,1542605.993519029,1542605.993519029,0.0,0.0,0.0,30,0,30,3,1224326.1171604586,1201925.1715845624,1645349.9662767313
20260326,20260325,1523373.826886773,1523373.826886773,0.0,1.4551915228366852e-11,0.0,30,0,30,3,1211013.0443762762,1186050.0235645343,1623284.4276079703
20260327,20260326,1545205.0869608144,1545205.0869608144,0.0,0.0,0.0,30,0,30,3,1218685.7324832156,1192681.654586311,1634887.989987535
20260330,20260327,1555474.7765523873,1555474.7765523873,0.0,1.4551915228366852e-11,0.0,30,0,30,3,1221663.5648811765,1189868.5853396386,1623714.5437542112
20260331,20260330,1540490.9175463205,1540490.9175463205,0.0,0.0,0.0,30,0,30,3,1211877.768217827,1178769.5466963456,1579863.2824910684
20260401,20260331,1565136.3326853025,1565136.3326853025,0.0,1.4551915228366852e-11,0.0,30,0,30,3,1229530.8392065477,1198905.753730274,1610900.7433702662
20260402,20260401,1544942.028520223,1544942.028520223,0.0,1.4551915228366852e-11,0.0,30,0,30,3,1220417.484435827,1186415.5175424395,1573760.5043256904
20260403,20260402,1506274.4914209784,1506274.4914209784,0.0,0.0,0.0,30,0,30,3,1208214.6647510505,1176316.567689972,1562325.198660236
20260407,20260403,1490767.8464448815,1490767.8464448815,0.0,0.0,0.0,30,0,30,3,1211349.654557305,1176270.821342687,1567890.5176577533
20260408,20260407,1498695.7128353654,1498695.7128353654,0.0,0.0,0.0,30,0,30,3,1243993.3688105724,1217312.6852634354,1660547.932553066
20260409,20260408,1476826.543585958,1476826.543585958,0.0,1.4551915228366852e-11,0.0,30,0,30,3,1235017.21149199,1209542.878763862,1648488.6583714585
20260410,20260409,1489917.3424442152,1489917.3424442152,0.0,0.0,0.0,30,0,30,3,1241261.6261684555,1228175.6547422777,1710735.7555587091
20260413,20260410,1490580.358489941,1490580.358489941,0.0,1.4551915228366852e-11,0.0,30,0,30,3,1241988.1872557765,1230715.7027952792,1724452.5468694405
20260414,20260413,1503601.3849556416,1503601.3849556416,0.0,0.0,0.0,30,0,30,3,1253841.97238744,1245318.8003872042,1765171.31653587
20260415,20260414,1496482.8971516197,1496482.8971516197,0.0,1.4551915228366852e-11,0.0,30,0,30,3,1254023.791707239,1241070.6944502133,1743560.3983815014
20260416,20260415,1515420.1862527488,1515420.1862527488,0.0,1.4551915228366852e-11,0.0,30,0,30,3,1262847.6804055416,1254675.7428973697,1798774.8907211828
20260417,20260416,1526712.6391822475,1526712.6391822475,0.0,0.0,0.0,30,0,30,3,1261564.3268439395,1252573.5565239429,1824580.0737521956
20260420,20260417,1532366.451313658,1532366.451313658,0.0,0.0,0.0,30,0,30,3,1271124.460789258,1260194.4953502426,1824224.1155622033
20260421,20260420,1590217.6565027724,1590217.6565027724,0.0,0.0,0.0,30,0,30,3,1272042.8990213985,1262990.4262722519,1829859.8226131764
20260422,20260421,1597507.5962353188,1597507.5962353188,0.0,1.4551915228366852e-11,0.0,30,0,30,3,1278638.5591041546,1271368.868453107,1861518.02774956
20260423,20260422,1604322.0316905265,1604322.0316905265,0.0,0.0,0.0,30,0,30,3,1274588.0269720352,1267845.9229117627,1845390.9292468117
20260424,20260423,1589124.53661816,1589124.53661816,0.0,1.4551915228366852e-11,0.0,30,0,30,3,1270431.093638382,1263353.80113737,1819367.5382896871
20260427,20260424,1604091.9423290344,1604091.9423290344,0.0,0.0,0.0,30,0,30,3,1272437.6141605955,1263771.8226234787,1809944.2198238254
20260428,20260427,1596136.0654668699,1596136.0654668699,0.0,0.0,0.0,30,0,30,3,1270037.810882934,1260397.5063552193,1784112.34984936
20260429,20260428,1610138.837930113,1610138.837930113,0.0,1.4551915228366852e-11,0.0,30,0,30,3,1279029.7555615336,1274208.4266096146,1828982.2785302398
20260430,20260429,1604422.2960573314,1604422.2960573314,0.0,0.0,0.0,30,0,30,3,1280476.1206215338,1273403.1902395359,1824012.1577380898
20260506,20260430,1611620.5610639323,1611620.5610639323,0.0,0.0,0.0,30,0,30,3,1295427.2176390958,1291888.8203238174,1874117.6381301063
20260507,20260506,1617748.9441096685,1617748.9441096685,0.0,1.4551915228366852e-11,0.0,30,0,30,3,1301629.5949664044,1298091.6223842732,1901349.08451631
20260508,20260507,1629055.3763497542,1629055.3763497542,0.0,0.0,0.0,30,0,30,3,1301586.0629559436,1290516.4299052588,1883030.8788273379
20260511,20260508,1631074.2216555492,1631074.2216555492,0.0,0.0,0.0,30,0,30,3,1315619.7804597882,1311687.5321575366,1948927.5891456758
20260512,20260511,1622688.95646011,1622688.95646011,0.0,1.4551915228366852e-11,0.0,30,0,30,3,1312340.3690050964,1310683.575985875,1951858.2421310346
20260513,20260512,1629022.0588642862,1629022.0588642862,0.0,1.4551915228366852e-11,0.0,30,0,30,3,1321085.0406543205,1324006.226165279,2003173.9109234472
20260514,20260513,1601360.9713045498,1601360.9713045498,0.0,0.0,0.0,30,0,30,3,1300952.419979648,1301823.1945794788,1959923.056284004
20260515,20260514,1587064.0402059527,1587064.0402059527,0.0,0.0,0.0,30,0,30,3,1287709.6896930553,1287253.1286581187,1948972.3815433295
20260518,20260515,1597970.9575594799,1597970.9575594799,0.0,1.4551915228366852e-11,0.0,30,0,30,3,1286507.172396944,1280347.7347531952,1941934.1218415718
